{"stats":{"minecraft:custom":{"minecraft:mob_kills":68,"minecraft:interact_with_crafting_table":26,"minecraft:open_barrel":5,"minecraft:leave_game":3,"minecraft:time_since_death":114,"minecraft:climb_one_cm":16,"minecraft:sprint_one_cm":456474,"minecraft:walk_one_cm":522853,"minecraft:damage_blocked_by_shield":180,"minecraft:drop":93,"minecraft:play_time":200750,"minecraft:deaths":6,"minecraft:sneak_time":3150,"minecraft:walk_under_water_one_cm":22658,"minecraft:boat_one_cm":66695,"minecraft:jump":4274,"minecraft:interact_with_blast_furnace":14,"minecraft:walk_on_water_one_cm":33856,"minecraft:total_world_time":200750,"minecraft:interact_with_furnace":51,"minecraft:sleep_in_bed":4,"minecraft:time_since_rest":155,"minecraft:damage_taken":6598,"minecraft:damage_dealt":6979,"minecraft:swim_one_cm":23359,"minecraft:fly_one_cm":524375,"minecraft:open_chest":17,"minecraft:crouch_one_cm":5478,"minecraft:interact_with_smoker":26,"minecraft:fall_one_cm":136595},"minecraft:killed":{"minecraft:skeleton":4,"minecraft:chicken":18,"minecraft:wolf":1,"minecraft:pig":19,"minecraft:zombie_villager":1,"minecraft:salmon":4,"minecraft:creeper":1,"minecraft:sheep":7,"minecraft:pillager":2,"minecraft:zombie":4,"minecraft:cow":4},"minecraft:crafted":{"minecraft:wooden_sword":1,"minecraft:oak_planks":124,"minecraft:cooked_chicken":10,"minecraft:furnace":2,"minecraft:cooked_mutton":5,"minecraft:diamond_helmet":1,"minecraft:iron_boots":1,"minecraft:stone_pickaxe":1,"minecraft:chest":1,"minecraft:spruce_boat":1,"minecraft:diamond_boots":1,"minecraft:cooked_beef":13,"minecraft:diamond_sword":1,"minecraft:cooked_porkchop":31,"minecraft:crafting_table":5,"minecraft:spruce_planks":292,"minecraft:wooden_pickaxe":1,"minecraft:iron_helmet":1,"minecraft:iron_sword":1,"minecraft:cooked_salmon":3,"minecraft:stone_axe":2,"minecraft:air":0,"minecraft:iron_chestplate":1,"minecraft:shield":1,"minecraft:stick":4,"minecraft:iron_ingot":32,"minecraft:iron_pickaxe":1,"minecraft:wooden_axe":1,"minecraft:stone_sword":1,"minecraft:iron_leggings":1,"minecraft:acacia_planks":176},"minecraft:picked_up":{"minecraft:wooden_axe":2,"minecraft:coarse_dirt":2,"minecraft:crafting_table":4,"minecraft:chicken":29,"minecraft:wooden_pickaxe":3,"minecraft:oak_stairs":2,"gravestone:obituary":6,"minecraft:brick":6,"minecraft:cornflower":8,"minecraft:wooden_sword":3,"minecraft:blue_orchid":1,"minecraft:smooth_stone":2,"minecraft:cobbled_deepslate":69,"minecraft:spruce_planks":10,"minecraft:beef":13,"minecraft:azalea":10,"minecraft:sugar_cane":1,"minecraft:chest":4,"minecraft:birch_sapling":2,"minecraft:iron_boots":1,"minecraft:egg":5,"minecraft:furnace":1,"iceandfire:dragonbone":11,"minecraft:raw_iron":78,"minecraft:stick":44,"minecraft:torch":4,"minecraft:acacia_log":44,"minecraft:porkchop":52,"minecraft:pointed_dripstone":8,"iceandfire:dragon_skull_ice":1,"minecraft:howl_pottery_sherd":1,"minecraft:stone_sword":1,"minecraft:arrow":19,"minecraft:rotten_flesh":14,"minecraft:beetroot_seeds":24,"minecraft:gold_ingot":4,"minecraft:mutton":14,"minecraft:white_wool":5,"minecraft:cobblestone":188,"minecraft:leather_chestplate":2,"minecraft:feather":29,"minecraft:cooked_beef":2,"minecraft:salmon":7,"minecraft:glow_ink_sac":2,"minecraft:andesite":1,"minecraft:brown_wool":1,"minecraft:leather":8,"minecraft:flint":1,"minecraft:oak_log":31,"minecraft:yellow_bed":1,"minecraft:gunpowder":2,"minecraft:blue_bed":4,"minecraft:dirt":40,"minecraft:white_banner":2,"minecraft:bone":9,"minecraft:acacia_planks":167,"minecraft:wheat_seeds":9,"minecraft:raw_gold":24,"minecraft:iron_ingot":2,"minecraft:stone_pickaxe":1,"minecraft:oak_planks":14,"minecraft:flowering_azalea":4,"minecraft:iron_sword":3,"minecraft:acacia_sapling":4,"minecraft:smooth_basalt":1,"minecraft:cooked_porkchop":14,"minecraft:gravel":9,"minecraft:sand":3,"minecraft:ink_sac":3,"minecraft:stripped_spruce_log":5,"minecraft:spruce_sapling":29,"sophisticatedbackpacks:iron_backpack":1,"minecraft:white_bed":1,"minecraft:spruce_log":68,"minecraft:mossy_cobblestone":2,"iceandfire:silver_pickaxe":1,"minecraft:diamond":13,"minecraft:stone_axe":1,"minecraft:iron_helmet":1,"minecraft:golden_horse_armor":3,"minecraft:coal":59},"minecraft:used":{"minecraft:stone_sword":112,"minecraft:spruce_planks":82,"minecraft:chest":4,"minecraft:shield":4,"minecraft:iron_sword":117,"minecraft:cooked_salmon":3,"minecraft:cooked_chicken":10,"minecraft:iron_chestplate":1,"minecraft:torch":2,"minecraft:dirt":24,"minecraft:mutton":2,"minecraft:acacia_sapling":4,"minecraft:spruce_boat":1,"minecraft:wooden_axe":8,"minecraft:oak_stairs":2,"minecraft:iron_helmet":1,"minecraft:iron_boots":1,"minecraft:furnace":3,"minecraft:egg":3,"minecraft:cooked_beef":8,"minecraft:acacia_planks":173,"minecraft:cobbled_deepslate":68,"minecraft:iron_leggings":1,"minecraft:cooked_mutton":5,"minecraft:stone_pickaxe":129,"minecraft:oak_planks":101,"minecraft:wooden_pickaxe":22,"minecraft:blue_bed":2,"minecraft:salmon":1,"minecraft:mossy_cobblestone":1,"minecraft:sand":1,"minecraft:crafting_table":8,"minecraft:white_bed":1,"minecraft:iron_pickaxe":245,"minecraft:spruce_sapling":1,"minecraft:stone_axe":105,"minecraft:diamond_sword":10,"minecraft:wooden_sword":15,"minecraft:cobblestone":150,"minecraft:white_banner":1,"minecraft:cooked_porkchop":40,"minecraft:andesite":1,"minecraft:coarse_dirt":2},"minecraft:broken":{"minecraft:stone_axe":1},"minecraft:killed_by":{"minecraft:wolf":1,"iceandfire:cyclops":1,"minecraft:skeleton":2},"minecraft:mined":{"minecraft:tuff":3,"minecraft:spruce_planks":10,"minecraft:white_bed":1,"minecraft:deepslate_diamond_ore":9,"gravestone:gravestone":4,"minecraft:acacia_log":4,"minecraft:grass_block":9,"minecraft:tall_seagrass":1,"minecraft:large_fern":3,"minecraft:smooth_stone":1,"minecraft:spruce_sapling":2,"minecraft:furnace":2,"minecraft:iron_ore":39,"minecraft:stripped_spruce_log":5,"minecraft:pointed_dripstone":2,"minecraft:dirt_path":5,"minecraft:deepslate_iron_ore":8,"minecraft:oak_stairs":2,"minecraft:azalea_leaves":1,"minecraft:white_banner":1,"minecraft:stone":165,"minecraft:flowering_azalea":1,"minecraft:glass_pane":1,"minecraft:crafting_table":4,"minecraft:cornflower":7,"minecraft:torch":2,"minecraft:chest":4,"minecraft:tall_grass":8,"minecraft:cobblestone":14,"minecraft:deepslate_gold_ore":13,"minecraft:oak_planks":17,"minecraft:blue_bed":2,"minecraft:seagrass":2,"minecraft:coarse_dirt":2,"minecraft:acacia_sapling":1,"minecraft:ice":1,"minecraft:birch_leaves":6,"minecraft:spruce_log":5,"minecraft:grass":50,"minecraft:oak_log":2,"minecraft:coal_ore":59,"minecraft:sand":2,"minecraft:gravel":2,"minecraft:dirt":11,"minecraft:acacia_planks":15,"minecraft:oak_leaves":4,"minecraft:deepslate":75,"minecraft:fern":5},"minecraft:dropped":{"minecraft:iron_sword":2,"minecraft:wheat_seeds":8,"minecraft:cooked_beef":7,"minecraft:glow_ink_sac":2,"minecraft:mossy_cobblestone":1,"minecraft:diamond":1,"minecraft:cooked_porkchop":5,"minecraft:feather":29,"minecraft:leather":4,"minecraft:coal":1,"minecraft:flint":1,"minecraft:dirt":8,"minecraft:ink_sac":3,"minecraft:cornflower":8,"minecraft:wooden_axe":1,"gravestone:obituary":8,"minecraft:wooden_sword":2,"minecraft:flowering_azalea":2,"minecraft:sand":2,"minecraft:smooth_stone":1,"minecraft:acacia_planks":4,"minecraft:blue_bed":1,"minecraft:spruce_sapling":28,"minecraft:gravel":9,"minecraft:stone_axe":1,"minecraft:sugar_cane":1,"minecraft:cobbled_deepslate":1,"minecraft:birch_sapling":2,"minecraft:pointed_dripstone":7,"minecraft:rotten_flesh":14,"minecraft:leather_chestplate":1,"minecraft:gunpowder":2,"minecraft:howl_pottery_sherd":1,"minecraft:beetroot_seeds":16,"minecraft:yellow_bed":1,"minecraft:azalea":5,"minecraft:blue_orchid":1,"minecraft:wooden_pickaxe":2,"iceandfire:silver_pickaxe":1,"minecraft:brick":3}},"DataVersion":3465}