{"stats":{"minecraft:crafted":{"minecraft:oak_planks":212,"minecraft:smooth_stone":3,"minecraft:cooked_chicken":3,"minecraft:stone":3,"minecraft:cooked_mutton":2,"sophisticatedbackpacks:smelting_upgrade":1,"minecraft:diamond_helmet":1,"minecraft:iron_boots":1,"minecraft:diamond_leggings":1,"sophisticatedbackpacks:copper_backpack":1,"minecraft:chest":1,"sophisticatedbackpacks:backpack":1,"minecraft:cooked_porkchop":15,"minecraft:diamond_axe":1,"minecraft:crafting_table":4,"minecraft:spruce_planks":24,"minecraft:wooden_pickaxe":1,"minecraft:iron_helmet":1,"minecraft:copper_ingot":32,"sophisticatedbackpacks:upgrade_base":1,"minecraft:iron_chestplate":1,"minecraft:charcoal":2,"minecraft:shield":1,"minecraft:stick":32,"minecraft:iron_ingot":25,"minecraft:iron_pickaxe":2,"minecraft:gold_ingot":23,"iceandfire:silver_sword":1,"minecraft:coal":18,"minecraft:furnace":2,"minecraft:blast_furnace":1,"minecraft:iron_axe":1,"minecraft:iron_hoe":1,"minecraft:stone_pickaxe":1,"minecraft:diamond_boots":1,"minecraft:wheat":423,"sophisticatedbackpacks:iron_backpack":1,"minecraft:cooked_beef":4,"minecraft:coal_block":11,"iceandfire:silver_ingot":8,"minecraft:bucket":2,"minecraft:stone_axe":2,"minecraft:bread":141,"minecraft:air":0,"minecraft:wooden_axe":1,"minecraft:iron_leggings":1,"minecraft:white_bed":1,"minecraft:acacia_planks":156,"minecraft:torch":96,"iceandfire:silver_pickaxe":1,"minecraft:diamond_chestplate":1,"iceandfire:silver_hoe":1},"minecraft:killed_by":{"minecraft:creeper":1,"minecraft:zombie":1,"minecraft:player":2,"minecraft:skeleton":2},"minecraft:killed":{"minecraft:witch":1,"minecraft:spider":11,"minecraft:skeleton":19,"minecraft:chicken":12,"minecraft:cat":2,"minecraft:pig":8,"minecraft:zombie_villager":1,"minecraft:salmon":1,"minecraft:iron_golem":1,"minecraft:creeper":1,"minecraft:sheep":5,"minecraft:pillager":2,"minecraft:zombie":35,"minecraft:glow_squid":1,"minecraft:cow":35,"minecraft:slime":3,"minecraft:enderman":6},"minecraft:custom":{"minecraft:interact_with_crafting_table":56,"minecraft:open_barrel":29,"minecraft:leave_game":16,"minecraft:time_since_death":13417,"minecraft:sprint_one_cm":564509,"minecraft:damage_blocked_by_shield":510,"minecraft:drop":171,"minecraft:talked_to_villager":8,"minecraft:play_time":280726,"minecraft:deaths":12,"minecraft:jump":7117,"minecraft:walk_on_water_one_cm":48493,"minecraft:interact_with_furnace":57,"minecraft:sleep_in_bed":7,"minecraft:damage_dealt":25686,"minecraft:crouch_one_cm":38961,"minecraft:interact_with_smoker":1,"minecraft:mob_kills":152,"minecraft:damage_dealt_resisted":206,"minecraft:climb_one_cm":1442,"minecraft:walk_one_cm":403225,"minecraft:damage_dealt_absorbed":251,"minecraft:sneak_time":13157,"minecraft:walk_under_water_one_cm":21833,"minecraft:interact_with_blast_furnace":30,"minecraft:total_world_time":280726,"minecraft:time_since_rest":3938,"minecraft:damage_taken":12745,"minecraft:swim_one_cm":54369,"minecraft:fly_one_cm":1273414,"minecraft:open_chest":27,"minecraft:fall_one_cm":307764},"minecraft:mined":{"minecraft:large_amethyst_bud":4,"minecraft:white_bed":2,"minecraft:cave_vines_plant":8,"minecraft:budding_amethyst":1,"minecraft:acacia_log":6,"minecraft:grass_block":9,"iceandfire:lectern":1,"minecraft:spawner":1,"minecraft:iron_ore":75,"minecraft:cobbled_deepslate":5,"minecraft:deepslate_lapis_ore":11,"minecraft:pointed_dripstone":1,"minecraft:cave_vines":18,"iceandfire:gold_pile":3,"minecraft:flowering_azalea_leaves":1,"minecraft:small_amethyst_bud":1,"minecraft:pink_tulip":1,"minecraft:azalea_leaves":3,"minecraft:azalea":1,"minecraft:dead_fire_coral":1,"minecraft:deepslate_redstone_ore":35,"minecraft:amethyst_cluster":2,"minecraft:torch":17,"minecraft:dead_fire_coral_fan":1,"minecraft:blast_furnace":3,"minecraft:calcite":1,"minecraft:cobblestone":7,"minecraft:oak_planks":4,"minecraft:wall_torch":27,"minecraft:amethyst_block":2,"minecraft:seagrass":1,"minecraft:orange_tulip":1,"minecraft:smooth_stone_slab":1,"minecraft:grass":51,"minecraft:oak_log":1,"minecraft:dirt":45,"minecraft:smooth_basalt":2,"minecraft:oak_leaves":2,"minecraft:deepslate":115,"minecraft:tuff":3,"iceandfire:silver_ore":7,"minecraft:deepslate_diamond_ore":32,"gravestone:gravestone":13,"minecraft:allium":1,"minecraft:hay_block":67,"minecraft:furnace":15,"minecraft:nether_sprouts":2,"minecraft:andesite":3,"minecraft:stripped_spruce_log":12,"minecraft:bookshelf":12,"minecraft:deepslate_iron_ore":45,"minecraft:vine":1,"minecraft:stone":162,"minecraft:white_tulip":1,"minecraft:white_wool":2,"minecraft:dandelion":2,"minecraft:crafting_table":22,"minecraft:cornflower":5,"minecraft:tall_grass":20,"minecraft:copper_ore":14,"minecraft:lapis_ore":2,"minecraft:deepslate_gold_ore":30,"minecraft:diorite":1,"minecraft:sweet_berry_bush":1,"minecraft:yellow_bed":6,"minecraft:coal_ore":116,"iceandfire:silver_pile":2,"minecraft:gravel":12,"minecraft:dripstone_block":23,"minecraft:acacia_planks":4,"minecraft:gold_ore":8,"minecraft:fern":10},"minecraft:used":{"minecraft:moss_block":30,"minecraft:shield":10,"minecraft:iron_sword":203,"minecraft:rotten_flesh":3,"minecraft:mutton":2,"minecraft:allium":1,"minecraft:tuff":2,"minecraft:stripped_spruce_log":5,"minecraft:grass_block":1,"minecraft:iron_helmet":1,"minecraft:sweet_berries":3,"minecraft:furnace":13,"minecraft:egg":5,"minecraft:potato":2,"minecraft:diorite":1,"minecraft:stone_pickaxe":136,"minecraft:oak_planks":69,"minecraft:wooden_pickaxe":4,"minecraft:diamond_axe":171,"minecraft:white_wool":2,"minecraft:blast_furnace":2,"iceandfire:silver_pickaxe":164,"minecraft:bread":124,"minecraft:gravel":11,"minecraft:andesite":3,"minecraft:smooth_stone_slab":1,"minecraft:coarse_dirt":8,"minecraft:azalea":4,"iceandfire:silver_sword":26,"minecraft:spruce_planks":20,"minecraft:cooked_chicken":3,"minecraft:torch":117,"minecraft:dirt":46,"minecraft:iron_hoe":21,"minecraft:wooden_axe":19,"minecraft:iron_axe":83,"minecraft:smooth_basalt":2,"minecraft:beef":6,"minecraft:cooked_beef":12,"minecraft:acacia_planks":11,"minecraft:cobbled_deepslate":134,"minecraft:pointed_dripstone":6,"minecraft:calcite":1,"minecraft:cooked_mutton":2,"minecraft:water_bucket":10,"minecraft:crafting_table":23,"minecraft:spider_eye":1,"minecraft:white_bed":3,"minecraft:cornflower":1,"minecraft:apple":10,"minecraft:chicken":5,"minecraft:iron_pickaxe":489,"minecraft:stone_axe":140,"iceandfire:silver_hoe":54,"minecraft:cobblestone":130,"minecraft:cooked_porkchop":17,"minecraft:bucket":12,"minecraft:yellow_bed":5,"minecraft:dandelion":1},"minecraft:dropped":{"minecraft:iron_sword":1,"minecraft:brown_mushroom":1,"minecraft:cooked_beef":4,"minecraft:glow_ink_sac":2,"minecraft:glass_bottle":2,"minecraft:crafting_table":2,"minecraft:red_mushroom":4,"minecraft:flint":1,"minecraft:dirt":15,"minecraft:cornflower":5,"gravestone:obituary":15,"minecraft:wooden_sword":1,"minecraft:iron_pickaxe":1,"iceandfire:silver_hoe":2,"minecraft:bone":25,"minecraft:gravel":1,"minecraft:stone_axe":1,"minecraft:sugar_cane":1,"minecraft:rotten_flesh":42,"minecraft:carrot":1,"minecraft:chainmail_chestplate":1,"minecraft:leather_chestplate":1,"minecraft:gunpowder":4,"minecraft:beetroot_seeds":8,"minecraft:acacia_sapling":12,"minecraft:arrow":23,"minecraft:beef":4,"iceandfire:silver_pickaxe":1,"minecraft:iron_ingot":18,"minecraft:bread":18,"minecraft:wheat_seeds":7,"minecraft:golden_horse_armor":1,"minecraft:dripstone_block":23,"minecraft:feather":9,"minecraft:acacia_log":37,"minecraft:stick":29,"minecraft:torch":28,"minecraft:iron_leggings":1,"minecraft:flowering_azalea":1,"minecraft:iron_axe":1,"minecraft:string":4,"minecraft:acacia_planks":65,"minecraft:pink_tulip":1,"minecraft:dandelion":1,"minecraft:redstone":2,"iceandfire:silver_nugget":2,"minecraft:stone_sword":1,"minecraft:tuff":18,"minecraft:raw_iron":4,"minecraft:chicken":3,"minecraft:iron_boots":1,"sophisticatedbackpacks:backpack":2,"minecraft:potato":4,"minecraft:diamond_chestplate":1,"minecraft:spruce_planks":1,"minecraft:iron_chestplate":1,"minecraft:yellow_bed":1,"iceandfire:silver_ingot":5,"minecraft:spider_eye":2,"sophisticatedbackpacks:copper_backpack":1,"minecraft:blue_orchid":2,"minecraft:wooden_pickaxe":2,"minecraft:black_wool":1},"minecraft:broken":{"minecraft:leather_leggings":1,"minecraft:stone_pickaxe":1,"minecraft:stone_axe":1,"minecraft:wooden_axe":1,"minecraft:iron_pickaxe":2},"minecraft:picked_up":{"minecraft:amethyst_block":2,"minecraft:music_disc_cat":1,"minecraft:string":28,"minecraft:raw_copper":47,"minecraft:smooth_stone_slab":1,"minecraft:diamond_leggings":1,"minecraft:gold_nugget":18,"minecraft:cobbled_deepslate":121,"minecraft:calcite":1,"minecraft:azalea":4,"minecraft:coal_block":1,"minecraft:furnace":15,"minecraft:stick":21,"minecraft:torch":48,"minecraft:acacia_log":76,"minecraft:porkchop":25,"minecraft:pointed_dripstone":6,"minecraft:diorite":1,"minecraft:rotten_flesh":45,"minecraft:cobblestone":179,"minecraft:feather":9,"minecraft:cooked_beef":1,"minecraft:andesite":3,"minecraft:potato":1,"minecraft:flint":1,"minecraft:tuff":13,"minecraft:lapis_lazuli":84,"minecraft:dirt":59,"minecraft:bone":22,"minecraft:acacia_planks":21,"minecraft:wheat_seeds":8,"minecraft:raw_gold":39,"minecraft:moss_block":30,"minecraft:oak_planks":4,"minecraft:cooked_porkchop":2,"minecraft:stripped_spruce_log":16,"minecraft:grass_block":1,"minecraft:diamond":35,"iceandfire:lectern":1,"waystones:waystone":2,"minecraft:golden_horse_armor":1,"minecraft:oak_sapling":14,"iceandfire:silver_nugget":11,"iceandfire:raw_silver":7,"minecraft:coarse_dirt":8,"minecraft:charcoal":2,"minecraft:crafting_table":21,"minecraft:allium":1,"minecraft:chicken":11,"minecraft:brown_mushroom":1,"minecraft:wooden_pickaxe":1,"gravestone:obituary":1,"minecraft:cornflower":6,"minecraft:blue_orchid":2,"minecraft:beef":84,"minecraft:sugar_cane":1,"minecraft:egg":5,"minecraft:raw_iron":124,"sophisticatedbackpacks:backpack":1,"minecraft:carrot":1,"minecraft:redstone":155,"iceandfire:silver_ingot":1,"minecraft:diamond_chestplate":2,"minecraft:arrow":21,"minecraft:beetroot_seeds":8,"minecraft:diamond_boots":1,"minecraft:hay_block":66,"minecraft:pink_tulip":1,"minecraft:glow_berries":9,"minecraft:mutton":4,"minecraft:white_wool":5,"minecraft:glow_ink_sac":2,"minecraft:leather":45,"minecraft:red_mushroom":4,"minecraft:oak_log":53,"minecraft:chainmail_chestplate":1,"minecraft:yellow_bed":7,"minecraft:gunpowder":4,"minecraft:apple":2,"minecraft:iron_ingot":8,"minecraft:glass_bottle":2,"minecraft:acacia_sapling":25,"minecraft:flowering_azalea":1,"minecraft:book":36,"minecraft:smooth_basalt":2,"minecraft:sweet_berries":3,"minecraft:dandelion":2,"minecraft:dripstone_block":23,"minecraft:gravel":11,"minecraft:amethyst_shard":8,"minecraft:blast_furnace":2,"minecraft:white_bed":2,"minecraft:spider_eye":4,"minecraft:slime_ball":6,"minecraft:black_wool":1,"minecraft:coal":348,"minecraft:ender_pearl":8}},"DataVersion":3465}