{"stats":{"minecraft:broken":{"minecraft:shield":1,"minecraft:iron_axe":1,"minecraft:stone_axe":1,"minecraft:iron_pickaxe":1},"minecraft:mined":{"minecraft:tuff":11,"minecraft:spruce_planks":2,"minecraft:mossy_cobblestone":1,"minecraft:deepslate_diamond_ore":8,"iceandfire:copper_pile":2,"minecraft:glow_lichen":1,"gravestone:gravestone":3,"minecraft:acacia_log":15,"minecraft:yellow_carpet":3,"iceandfire:deepslate_silver_ore":3,"minecraft:large_fern":3,"minecraft:furnace":8,"minecraft:iron_ore":2,"minecraft:andesite":4,"minecraft:stripped_spruce_log":1,"minecraft:fletching_table":1,"minecraft:deepslate_iron_ore":21,"minecraft:azalea_leaves":1,"minecraft:azalea":1,"minecraft:stone":26,"minecraft:acacia_leaves":1,"minecraft:flowering_azalea":1,"minecraft:smoker":1,"minecraft:dandelion":1,"minecraft:crafting_table":14,"minecraft:torch":9,"minecraft:blast_furnace":3,"minecraft:tall_grass":15,"minecraft:cobblestone":1,"minecraft:deepslate_gold_ore":20,"minecraft:oak_planks":22,"minecraft:wall_torch":10,"minecraft:purple_stained_glass":1,"minecraft:yellow_bed":3,"minecraft:smooth_stone_slab":1,"minecraft:grass":21,"minecraft:oak_log":6,"minecraft:coal_ore":27,"iceandfire:silver_pile":1,"minecraft:gravel":3,"minecraft:sand":3,"minecraft:acacia_planks":14,"minecraft:stone_bricks":2,"minecraft:deepslate":76,"minecraft:fern":1},"minecraft:killed_by":{"minecraft:zombie":1},"minecraft:dropped":{"minecraft:stripped_spruce_log":1,"minecraft:wheat_seeds":3,"minecraft:mossy_cobblestone":1,"minecraft:ender_pearl":3,"minecraft:cooked_porkchop":3,"minecraft:diamond_leggings":1,"minecraft:feather":3,"minecraft:cobblestone":4,"minecraft:amethyst_block":2,"minecraft:dirt":2,"minecraft:gray_wool":1,"minecraft:ink_sac":1,"iceandfire:copper_nugget":14,"gravestone:obituary":3,"minecraft:wooden_sword":1,"minecraft:flowering_azalea":4,"minecraft:string":2,"iceandfire:silver_hoe":1,"minecraft:acacia_planks":8,"minecraft:dandelion":1,"minecraft:bone":9,"minecraft:gravel":1,"iceandfire:silver_nugget":1,"minecraft:stone_sword":1,"minecraft:smooth_stone_slab":2,"minecraft:tuff":7,"minecraft:rotten_flesh":1,"minecraft:diamond_chestplate":1,"minecraft:spruce_planks":1,"minecraft:andesite":4,"minecraft:yellow_bed":1,"minecraft:azalea":2,"minecraft:oak_sapling":3,"minecraft:acacia_sapling":7,"minecraft:stone_bricks":2,"minecraft:diamond_boots":1,"sophisticatedbackpacks:copper_backpack":1,"minecraft:arrow":5,"minecraft:egg":1},"minecraft:killed":{"minecraft:spider":1,"minecraft:skeleton":3,"minecraft:horse":1,"minecraft:chicken":3,"minecraft:pig":27,"minecraft:sheep":17,"minecraft:pillager":2,"minecraft:zombie":20,"minecraft:enderman":1,"minecraft:cow":5},"minecraft:used":{"minecraft:stone_sword":4,"minecraft:shield":27,"minecraft:iron_sword":187,"minecraft:rotten_flesh":35,"minecraft:iron_chestplate":1,"minecraft:torch":37,"minecraft:carrot":1,"minecraft:iron_axe":124,"minecraft:iron_boots":1,"minecraft:light_gray_wool":2,"minecraft:furnace":10,"minecraft:cooked_beef":11,"minecraft:cobbled_deepslate":35,"minecraft:potato":2,"minecraft:acacia_planks":184,"minecraft:iron_leggings":1,"minecraft:acacia_boat":3,"minecraft:oak_planks":67,"minecraft:stone_pickaxe":30,"minecraft:blue_bed":1,"minecraft:crafting_table":18,"minecraft:blast_furnace":3,"iceandfire:silver_axe":70,"minecraft:smoker":1,"minecraft:oak_log":1,"minecraft:bread":18,"minecraft:iron_pickaxe":233,"minecraft:stone_axe":62,"iceandfire:silver_hoe":5,"minecraft:wooden_sword":12,"minecraft:cobblestone":1,"minecraft:cooked_porkchop":22,"minecraft:yellow_bed":4,"minecraft:oak_boat":4},"minecraft:custom":{"minecraft:mob_kills":80,"minecraft:interact_with_crafting_table":62,"minecraft:open_barrel":4,"minecraft:bell_ring":3,"minecraft:damage_dealt_resisted":56,"minecraft:time_since_death":650,"minecraft:sprint_one_cm":328218,"minecraft:walk_one_cm":439773,"minecraft:damage_blocked_by_shield":930,"minecraft:drop":51,"minecraft:play_time":167361,"minecraft:sneak_time":4658,"minecraft:deaths":5,"minecraft:walk_under_water_one_cm":20591,"minecraft:boat_one_cm":285991,"minecraft:jump":4375,"minecraft:interact_with_blast_furnace":15,"minecraft:walk_on_water_one_cm":28907,"minecraft:total_world_time":167361,"minecraft:interact_with_furnace":76,"minecraft:sleep_in_bed":4,"minecraft:time_since_rest":679,"minecraft:damage_taken":6525,"minecraft:damage_dealt":12082,"minecraft:swim_one_cm":21422,"minecraft:fly_one_cm":600189,"minecraft:open_chest":2,"minecraft:crouch_one_cm":15850,"minecraft:interact_with_smoker":10,"minecraft:fall_one_cm":101557},"minecraft:picked_up":{"minecraft:iron_chestplate":1,"minecraft:crafting_table":17,"minecraft:chicken":4,"gravestone:obituary":4,"minecraft:shield":1,"minecraft:amethyst_block":2,"iceandfire:silver_hoe":3,"minecraft:string":3,"minecraft:iron_axe":1,"minecraft:wooden_sword":1,"minecraft:smooth_stone_slab":2,"minecraft:iron_leggings":1,"minecraft:diamond_leggings":1,"minecraft:cobbled_deepslate":72,"minecraft:spruce_planks":4,"minecraft:beef":7,"minecraft:oak_boat":2,"minecraft:azalea":2,"minecraft:iron_pickaxe":1,"minecraft:light_gray_wool":2,"minecraft:furnace":9,"minecraft:iron_boots":1,"minecraft:egg":1,"minecraft:stick":36,"minecraft:raw_iron":66,"minecraft:torch":47,"minecraft:acacia_log":82,"sophisticatedbackpacks:backpack":3,"minecraft:porkchop":67,"minecraft:carrot":1,"iceandfire:silver_ingot":3,"minecraft:stone_sword":1,"minecraft:arrow":7,"minecraft:rotten_flesh":36,"minecraft:diamond_chestplate":1,"minecraft:diamond_boots":1,"sophisticatedbackpacks:copper_backpack":3,"minecraft:mutton":26,"minecraft:white_wool":14,"minecraft:cobblestone":28,"minecraft:feather":5,"minecraft:cooked_beef":4,"minecraft:andesite":4,"minecraft:leather":6,"minecraft:smoker":1,"minecraft:potato":4,"minecraft:tuff":19,"minecraft:oak_log":41,"minecraft:yellow_bed":5,"minecraft:acacia_boat":1,"minecraft:dirt":4,"minecraft:blue_bed":1,"minecraft:bone":12,"minecraft:acacia_planks":100,"minecraft:stone_bricks":2,"minecraft:wheat_seeds":6,"minecraft:raw_gold":19,"minecraft:iron_ingot":18,"minecraft:fletching_table":1,"minecraft:diamond_helmet":1,"minecraft:acacia_sapling":7,"minecraft:iron_sword":1,"minecraft:oak_planks":21,"minecraft:flowering_azalea":4,"iceandfire:copper_nugget":14,"minecraft:dandelion":1,"minecraft:gravel":2,"minecraft:sand":3,"minecraft:amethyst_shard":8,"minecraft:stripped_spruce_log":1,"minecraft:blast_furnace":3,"minecraft:ink_sac":2,"minecraft:mossy_cobblestone":1,"minecraft:diamond":5,"minecraft:stone_axe":1,"minecraft:gray_wool":1,"minecraft:bread":18,"minecraft:oak_sapling":6,"iceandfire:silver_nugget":1,"minecraft:coal":56,"iceandfire:raw_silver":3,"minecraft:ender_pearl":3},"minecraft:crafted":{"minecraft:wooden_sword":1,"minecraft:smooth_stone":3,"minecraft:oak_planks":144,"minecraft:cooked_chicken":3,"minecraft:furnace":4,"minecraft:blast_furnace":1,"minecraft:stone":4,"minecraft:cooked_mutton":8,"minecraft:diamond_helmet":1,"minecraft:iron_boots":1,"minecraft:iron_axe":1,"minecraft:stone_pickaxe":1,"minecraft:smoker":1,"iceandfire:silver_axe":1,"minecraft:cooked_beef":7,"iceandfire:silver_ingot":3,"minecraft:cooked_porkchop":47,"minecraft:crafting_table":5,"minecraft:iron_sword":1,"minecraft:stone_axe":1,"minecraft:acacia_boat":3,"minecraft:air":0,"minecraft:oak_boat":2,"minecraft:iron_chestplate":1,"minecraft:shield":1,"minecraft:stick":36,"minecraft:iron_ingot":38,"minecraft:iron_pickaxe":2,"minecraft:stone_sword":1,"minecraft:iron_leggings":1,"minecraft:acacia_planks":328}},"DataVersion":3465}